locationCode,isActive,creationDate
B3/1A,true,04/15/2023
B3/2A,true,04/15/2023
B3/3A,true,04/15/2023
B3/4A,true,04/15/2023
B3/5A,true,04/15/2023
B3/6A,true,04/15/2023
B3/7A,true,04/15/2023
B3/8A,true,04/15/2023
B3/9A,true,04/15/2023
B3/10A,true,04/15/2023
B3/11A,true,04/15/2023
B3/12A,true,04/15/2023
B3/13A,true,04/15/2023
B3/14A,true,04/15/2023
B3/15A,true,04/15/2023
B3/16A,true,04/15/2023
B3/17A,true,04/15/2023
B3/18A,true,04/15/2023
B3/19A,true,04/15/2023
B3/20A,true,04/15/2023
B3/21A,true,04/15/2023
B3/22A,true,04/15/2023
B3/23A,true,04/15/2023
B3/24A,true,04/15/2023
B3/25A,true,04/15/2023
B3/26A,true,04/15/2023
B3/27A,true,04/15/2023
B3/28A,true,04/15/2023
B3/1B,true,04/15/2023
B3/2B,true,04/15/2023
B3/3B,true,04/15/2023
B3/4B,true,04/15/2023
B3/5B,true,04/15/2023
B3/6B,true,04/15/2023
B3/7B,true,04/15/2023
B3/8B,true,04/15/2023
B3/9B,true,04/15/2023
B3/10B,true,04/15/2023
B3/11B,true,04/15/2023
B3/12B,true,04/15/2023
B3/13B,true,04/15/2023
B3/14B,true,04/15/2023
B3/15B,true,04/15/2023
B3/16B,true,04/15/2023
B3/17B,true,04/15/2023
B3/18B,true,04/15/2023
B3/19B,true,04/15/2023
B3/20B,true,04/15/2023
B3/21B,true,04/15/2023
B3/22B,true,04/15/2023
B3/23B,true,04/15/2023
B3/24B,true,04/15/2023
B3/25B,true,04/15/2023
B3/26B,true,04/15/2023
B3/27B,true,04/15/2023
B3/28B,true,04/15/2023
B3/1C,true,04/15/2023
B3/2C,true,04/15/2023
B3/3C,true,04/15/2023
B3/4C,true,04/15/2023
B3/5C,true,04/15/2023
B3/6C,true,04/15/2023
B3/7C,true,04/15/2023
B3/8C,true,04/15/2023
B3/9C,true,04/15/2023
B3/10C,true,04/15/2023
B3/11C,true,04/15/2023
B3/12C,true,04/15/2023
B3/13C,true,04/15/2023
B3/14C,true,04/15/2023
B3/15C,true,04/15/2023
B3/16C,true,04/15/2023
B3/17C,true,04/15/2023
B3/18C,true,04/15/2023
B3/19C,true,04/15/2023
B3/20C,true,04/15/2023
B3/21C,true,04/15/2023
B3/22C,true,04/15/2023
B3/23C,true,04/15/2023
B3/24C,true,04/15/2023
B3/25C,true,04/15/2023
B3/26C,true,04/15/2023
B3/27C,true,04/15/2023
B3/28C,true,04/15/2023
B4/1A,true,04/15/2023
B4/2A,true,04/15/2023
B4/3A,true,04/15/2023
B4/4A,true,04/15/2023
B4/5A,true,04/15/2023
B4/6A,true,04/15/2023
B4/7A,true,04/15/2023
B4/8A,true,04/15/2023
B4/9A,true,04/15/2023
B4/10A,true,04/15/2023
B4/11A,true,04/15/2023
B4/12A,true,04/15/2023
B4/13A,true,04/15/2023
B4/14A,true,04/15/2023
B4/15A,true,04/15/2023
B4/16A,true,04/15/2023
B4/17A,true,04/15/2023
B4/18A,true,04/15/2023
B4/19A,true,04/15/2023
B4/20A,true,04/15/2023
B4/21A,true,04/15/2023
B4/22A,true,04/15/2023
B4/23A,true,04/15/2023
B4/24A,true,04/15/2023
B4/25A,true,04/15/2023
B4/26A,true,04/15/2023
B4/27A,true,04/15/2023
B4/28A,true,04/15/2023
B4/1B,true,04/15/2023
B4/2B,true,04/15/2023
B4/3B,true,04/15/2023
B4/4B,true,04/15/2023
B4/5B,true,04/15/2023
B4/6B,true,04/15/2023
B4/7B,true,04/15/2023
B4/8B,true,04/15/2023
B4/9B,true,04/15/2023
B4/10B,true,04/15/2023
B4/11B,true,04/15/2023
B4/12B,true,04/15/2023
B4/13B,true,04/15/2023
B4/14B,true,04/15/2023
B4/15B,true,04/15/2023
B4/16B,true,04/15/2023
B4/17B,true,04/15/2023
B4/18B,true,04/15/2023
B4/19B,true,04/15/2023
B4/20B,true,04/15/2023
B4/21B,true,04/15/2023
B4/22B,true,04/15/2023
B4/23B,true,04/15/2023
B4/24B,true,04/15/2023
B4/25B,true,04/15/2023
B4/26B,true,04/15/2023
B4/27B,true,04/15/2023
B4/28B,true,04/15/2023
B4/1C,true,04/15/2023
B4/2C,true,04/15/2023
B4/3C,true,04/15/2023
B4/4C,true,04/15/2023
B4/5C,true,04/15/2023
B4/6C,true,04/15/2023
B4/7C,true,04/15/2023
B4/8C,true,04/15/2023
B4/9C,true,04/15/2023
B4/10C,true,04/15/2023
B4/11C,true,04/15/2023
B4/12C,true,04/15/2023
B4/13C,true,04/15/2023
B4/14C,true,04/15/2023
B4/15C,true,04/15/2023
B4/16C,true,04/15/2023
B4/17C,true,04/15/2023
B4/18C,true,04/15/2023
B4/19C,true,04/15/2023
B4/20C,true,04/15/2023
B4/21C,true,04/15/2023
B4/22C,true,04/15/2023
B4/23C,true,04/15/2023
B4/24C,true,04/15/2023
B4/25C,true,04/15/2023
B4/26C,true,04/15/2023
B4/27C,true,04/15/2023
B4/28C,true,04/15/2023
B5/1A,true,04/15/2023
B5/2A,true,04/15/2023
B5/3A,true,04/15/2023
B5/4A,true,04/15/2023
B5/5A,true,04/15/2023
B5/6A,true,04/15/2023
B5/7A,true,04/15/2023
B5/8A,true,04/15/2023
B5/9A,true,04/15/2023
B5/10A,true,04/15/2023
B5/11A,true,04/15/2023
B5/12A,true,04/15/2023
B5/13A,true,04/15/2023
B5/14A,true,04/15/2023
B5/15A,true,04/15/2023
B5/16A,true,04/15/2023
B5/17A,true,04/15/2023
B5/18A,true,04/15/2023
B5/19A,true,04/15/2023
B5/20A,true,04/15/2023
B5/21A,true,04/15/2023
B5/22A,true,04/15/2023
B5/23A,true,04/15/2023
B5/24A,true,04/15/2023
B5/25A,true,04/15/2023
B5/26A,true,04/15/2023
B5/27A,true,04/15/2023
B5/28A,true,04/15/2023
B5/1B,true,04/15/2023
B5/2B,true,04/15/2023
B5/3B,true,04/15/2023
B5/4B,true,04/15/2023
B5/5B,true,04/15/2023
B5/6B,true,04/15/2023
B5/7B,true,04/15/2023
B5/8B,true,04/15/2023
B5/9B,true,04/15/2023
B5/10B,true,04/15/2023
B5/11B,true,04/15/2023
B5/12B,true,04/15/2023
B5/13B,true,04/15/2023
B5/14B,true,04/15/2023
B5/15B,true,04/15/2023
B5/16B,true,04/15/2023
B5/17B,true,04/15/2023
B5/18B,true,04/15/2023
B5/19B,true,04/15/2023
B5/20B,true,04/15/2023
B5/21B,true,04/15/2023
B5/22B,true,04/15/2023
B5/23B,true,04/15/2023
B5/24B,true,04/15/2023
B5/25B,true,04/15/2023
B5/26B,true,04/15/2023
B5/27B,true,04/15/2023
B5/28B,true,04/15/2023
B5/1C,true,04/15/2023
B5/2C,true,04/15/2023
B5/3C,true,04/15/2023
B5/4C,true,04/15/2023
B5/5C,true,04/15/2023
B5/6C,true,04/15/2023
B5/7C,true,04/15/2023
B5/8C,true,04/15/2023
B5/9C,true,04/15/2023
B5/10C,true,04/15/2023
B5/11C,true,04/15/2023
B5/12C,true,04/15/2023
B5/13C,true,04/15/2023
B5/14C,true,04/15/2023
B5/15C,true,04/15/2023
B5/16C,true,04/15/2023
B5/17C,true,04/15/2023
B5/18C,true,04/15/2023
B5/19C,true,04/15/2023
B5/20C,true,04/15/2023
B5/21C,true,04/15/2023
B5/22C,true,04/15/2023
B5/23C,true,04/15/2023
B5/24C,true,04/15/2023
B5/25C,true,04/15/2023
B5/26C,true,04/15/2023
B5/27C,true,04/15/2023
B5/28C,true,04/15/2023
A1/1A,true,04/15/2023
A1/2A,true,04/15/2023
A1/3A,true,04/15/2023
A1/4A,true,04/15/2023
A1/5A,true,04/15/2023
A1/6A,true,04/15/2023
A1/7A,true,04/15/2023
A1/8A,true,04/15/2023
A1/9A,true,04/15/2023
A1/10A,true,04/15/2023
A1/11A,true,04/15/2023
A1/12A,true,04/15/2023
A1/13A,true,04/15/2023
A1/14A,true,04/15/2023
A1/15A,true,04/15/2023
A1/16A,true,04/15/2023
A1/17A,true,04/15/2023
A1/18A,true,04/15/2023
A1/19A,true,04/15/2023
A1/20A,true,04/15/2023
A1/21A,true,04/15/2023
A1/22A,true,04/15/2023
A1/23A,true,04/15/2023
A1/24A,true,04/15/2023
A1/25A,true,04/15/2023
A1/26A,true,04/15/2023
A1/27A,true,04/15/2023
A1/28A,true,04/15/2023
A1/1B,true,04/15/2023
A1/2B,true,04/15/2023
A1/3B,true,04/15/2023
A1/4B,true,04/15/2023
A1/5B,true,04/15/2023
A1/6B,true,04/15/2023
A1/7B,true,04/15/2023
A1/8B,true,04/15/2023
A1/9B,true,04/15/2023
A1/10B,true,04/15/2023
A1/11B,true,04/15/2023
A1/12B,true,04/15/2023
A1/13B,true,04/15/2023
A1/14B,true,04/15/2023
A1/15B,true,04/15/2023
A1/16B,true,04/15/2023
A1/17B,true,04/15/2023
A1/18B,true,04/15/2023
A1/19B,true,04/15/2023
A1/20B,true,04/15/2023
A1/21B,true,04/15/2023
A1/22B,true,04/15/2023
A1/23B,true,04/15/2023
A1/24B,true,04/15/2023
A1/25B,true,04/15/2023
A1/26B,true,04/15/2023
A1/27B,true,04/15/2023
A1/28B,true,04/15/2023
A1/1C,true,04/15/2023
A1/2C,true,04/15/2023
A1/3C,true,04/15/2023
A1/4C,true,04/15/2023
A1/5C,true,04/15/2023
A1/6C,true,04/15/2023
A1/7C,true,04/15/2023
A1/8C,true,04/15/2023
A1/9C,true,04/15/2023
A1/10C,true,04/15/2023
A1/11C,true,04/15/2023
A1/12C,true,04/15/2023
A1/13C,true,04/15/2023
A1/14C,true,04/15/2023
A1/15C,true,04/15/2023
A1/16C,true,04/15/2023
A1/17C,true,04/15/2023
A1/18C,true,04/15/2023
A1/19C,true,04/15/2023
A1/20C,true,04/15/2023
A1/21C,true,04/15/2023
A1/22C,true,04/15/2023
A1/23C,true,04/15/2023
A1/24C,true,04/15/2023
A1/25C,true,04/15/2023
A1/26C,true,04/15/2023
A1/27C,true,04/15/2023
A1/28C,true,04/15/2023
A1/1D,true,04/15/2023
A1/2D,true,04/15/2023
A1/3D,true,04/15/2023
A1/4D,true,04/15/2023
A1/5D,true,04/15/2023
A1/6D,true,04/15/2023
A1/7D,true,04/15/2023
A1/8D,true,04/15/2023
A1/9D,true,04/15/2023
A1/10D,true,04/15/2023
A1/11D,true,04/15/2023
A1/12D,true,04/15/2023
A1/13D,true,04/15/2023
A1/14D,true,04/15/2023
A1/15D,true,04/15/2023
A1/16D,true,04/15/2023
A1/17D,true,04/15/2023
A1/18D,true,04/15/2023
A1/19D,true,04/15/2023
A1/20D,true,04/15/2023
A1/21D,true,04/15/2023
A1/22D,true,04/15/2023
A1/23D,true,04/15/2023
A1/24D,true,04/15/2023
A1/25D,true,04/15/2023
A1/26D,true,04/15/2023
A1/27D,true,04/15/2023
A1/28D,true,04/15/2023
A2/1A,true,04/15/2023
A2/2A,true,04/15/2023
A2/3A,true,04/15/2023
A2/4A,true,04/15/2023
A2/5A,true,04/15/2023
A2/6A,true,04/15/2023
A2/7A,true,04/15/2023
A2/8A,true,04/15/2023
A2/9A,true,04/15/2023
A2/10A,true,04/15/2023
A2/11A,true,04/15/2023
A2/12A,true,04/15/2023
A2/13A,true,04/15/2023
A2/14A,true,04/15/2023
A2/15A,true,04/15/2023
A2/16A,true,04/15/2023
A2/17A,true,04/15/2023
A2/18A,true,04/15/2023
A2/19A,true,04/15/2023
A2/20A,true,04/15/2023
A2/21A,true,04/15/2023
A2/22A,true,04/15/2023
A2/23A,true,04/15/2023
A2/24A,true,04/15/2023
A2/25A,true,04/15/2023
A2/26A,true,04/15/2023
A2/27A,true,04/15/2023
A2/28A,true,04/15/2023
A2/1B,true,04/15/2023
A2/2B,true,04/15/2023
A2/3B,true,04/15/2023
A2/4B,true,04/15/2023
A2/5B,true,04/15/2023
A2/6B,true,04/15/2023
A2/7B,true,04/15/2023
A2/8B,true,04/15/2023
A2/9B,true,04/15/2023
A2/10B,true,04/15/2023
A2/11B,true,04/15/2023
A2/12B,true,04/15/2023
A2/13B,true,04/15/2023
A2/14B,true,04/15/2023
A2/15B,true,04/15/2023
A2/16B,true,04/15/2023
A2/17B,true,04/15/2023
A2/18B,true,04/15/2023
A2/19B,true,04/15/2023
A2/20B,true,04/15/2023
A2/21B,true,04/15/2023
A2/22B,true,04/15/2023
A2/23B,true,04/15/2023
A2/24B,true,04/15/2023
A2/25B,true,04/15/2023
A2/26B,true,04/15/2023
A2/27B,true,04/15/2023
A2/28B,true,04/15/2023
A2/1C,true,04/15/2023
A2/2C,true,04/15/2023
A2/3C,true,04/15/2023
A2/4C,true,04/15/2023
A2/5C,true,04/15/2023
A2/6C,true,04/15/2023
A2/7C,true,04/15/2023
A2/8C,true,04/15/2023
A2/9C,true,04/15/2023
A2/10C,true,04/15/2023
A2/11C,true,04/15/2023
A2/12C,true,04/15/2023
A2/13C,true,04/15/2023
A2/14C,true,04/15/2023
A2/15C,true,04/15/2023
A2/16C,true,04/15/2023
A2/17C,true,04/15/2023
A2/18C,true,04/15/2023
A2/19C,true,04/15/2023
A2/20C,true,04/15/2023
A2/21C,true,04/15/2023
A2/22C,true,04/15/2023
A2/23C,true,04/15/2023
A2/24C,true,04/15/2023
A2/25C,true,04/15/2023
A2/26C,true,04/15/2023
A2/27C,true,04/15/2023
A2/28C,true,04/15/2023
A2/1D,true,04/15/2023
A2/2D,true,04/15/2023
A2/3D,true,04/15/2023
A2/4D,true,04/15/2023
A2/5D,true,04/15/2023
A2/6D,true,04/15/2023
A2/7D,true,04/15/2023
A2/8D,true,04/15/2023
A2/9D,true,04/15/2023
A2/10D,true,04/15/2023
A2/11D,true,04/15/2023
A2/12D,true,04/15/2023
A2/13D,true,04/15/2023
A2/14D,true,04/15/2023
A2/15D,true,04/15/2023
A2/16D,true,04/15/2023
A2/17D,true,04/15/2023
A2/18D,true,04/15/2023
A2/19D,true,04/15/2023
A2/20D,true,04/15/2023
A2/21D,true,04/15/2023
A2/22D,true,04/15/2023
A2/23D,true,04/15/2023
A2/24D,true,04/15/2023
A2/25D,true,04/15/2023
A2/26D,true,04/15/2023
A2/27D,true,04/15/2023
A2/28D,true,04/15/2023
A3/1A,true,04/15/2023
A3/2A,true,04/15/2023
A3/3A,true,04/15/2023
A3/4A,true,04/15/2023
A3/5A,true,04/15/2023
A3/6A,true,04/15/2023
A3/7A,true,04/15/2023
A3/8A,true,04/15/2023
A3/9A,true,04/15/2023
A3/10A,true,04/15/2023
A3/11A,true,04/15/2023
A3/12A,true,04/15/2023
A3/13A,true,04/15/2023
A3/14A,true,04/15/2023
A3/15A,true,04/15/2023
A3/16A,true,04/15/2023
A3/17A,true,04/15/2023
A3/18A,true,04/15/2023
A3/19A,true,04/15/2023
A3/20A,true,04/15/2023
A3/21A,true,04/15/2023
A3/22A,true,04/15/2023
A3/23A,true,04/15/2023
A3/24A,true,04/15/2023
A3/25A,true,04/15/2023
A3/26A,true,04/15/2023
A3/27A,true,04/15/2023
A3/28A,true,04/15/2023
A3/1B,true,04/15/2023
A3/2B,true,04/15/2023
A3/3B,true,04/15/2023
A3/4B,true,04/15/2023
A3/5B,true,04/15/2023
A3/6B,true,04/15/2023
A3/7B,true,04/15/2023
A3/8B,true,04/15/2023
A3/9B,true,04/15/2023
A3/10B,true,04/15/2023
A3/11B,true,04/15/2023
A3/12B,true,04/15/2023
A3/13B,true,04/15/2023
A3/14B,true,04/15/2023
A3/15B,true,04/15/2023
A3/16B,true,04/15/2023
A3/17B,true,04/15/2023
A3/18B,true,04/15/2023
A3/19B,true,04/15/2023
A3/20B,true,04/15/2023
A3/21B,true,04/15/2023
A3/22B,true,04/15/2023
A3/23B,true,04/15/2023
A3/24B,true,04/15/2023
A3/25B,true,04/15/2023
A3/26B,true,04/15/2023
A3/27B,true,04/15/2023
A3/28B,true,04/15/2023
A3/1C,true,04/15/2023
A3/2C,true,04/15/2023
A3/3C,true,04/15/2023
A3/4C,true,04/15/2023
A3/5C,true,04/15/2023
A3/6C,true,04/15/2023
A3/7C,true,04/15/2023
A3/8C,true,04/15/2023
A3/9C,true,04/15/2023
A3/10C,true,04/15/2023
A3/11C,true,04/15/2023
A3/12C,true,04/15/2023
A3/13C,true,04/15/2023
A3/14C,true,04/15/2023
A3/15C,true,04/15/2023
A3/16C,true,04/15/2023
A3/17C,true,04/15/2023
A3/18C,true,04/15/2023
A3/19C,true,04/15/2023
A3/20C,true,04/15/2023
A3/21C,true,04/15/2023
A3/22C,true,04/15/2023
A3/23C,true,04/15/2023
A3/24C,true,04/15/2023
A3/25C,true,04/15/2023
A3/26C,true,04/15/2023
A3/27C,true,04/15/2023
A3/28C,true,04/15/2023
A3/1D,true,04/15/2023
A3/2D,true,04/15/2023
A3/3D,true,04/15/2023
A3/4D,true,04/15/2023
A3/5D,true,04/15/2023
A3/6D,true,04/15/2023
A3/7D,true,04/15/2023
A3/8D,true,04/15/2023
A3/9D,true,04/15/2023
A3/10D,true,04/15/2023
A3/11D,true,04/15/2023
A3/12D,true,04/15/2023
A3/13D,true,04/15/2023
A3/14D,true,04/15/2023
A3/15D,true,04/15/2023
A3/16D,true,04/15/2023
A3/17D,true,04/15/2023
A3/18D,true,04/15/2023
A3/19D,true,04/15/2023
A3/20D,true,04/15/2023
A3/21D,true,04/15/2023
A3/22D,true,04/15/2023
A3/23D,true,04/15/2023
A3/24D,true,04/15/2023
A3/25D,true,04/15/2023
A3/26D,true,04/15/2023
A3/27D,true,04/15/2023
A3/28D,true,04/15/2023
A4/1A,true,04/15/2023
A4/2A,true,04/15/2023
A4/3A,true,04/15/2023
A4/4A,true,04/15/2023
A4/5A,true,04/15/2023
A4/6A,true,04/15/2023
A4/7A,true,04/15/2023
A4/8A,true,04/15/2023
A4/9A,true,04/15/2023
A4/10A,true,04/15/2023
A4/11A,true,04/15/2023
A4/12A,true,04/15/2023
A4/13A,true,04/15/2023
A4/14A,true,04/15/2023
A4/15A,true,04/15/2023
A4/16A,true,04/15/2023
A4/17A,true,04/15/2023
A4/18A,true,04/15/2023
A4/19A,true,04/15/2023
A4/20A,true,04/15/2023
A4/21A,true,04/15/2023
A4/22A,true,04/15/2023
A4/23A,true,04/15/2023
A4/24A,true,04/15/2023
A4/25A,true,04/15/2023
A4/26A,true,04/15/2023
A4/27A,true,04/15/2023
A4/28A,true,04/15/2023
A4/1B,true,04/15/2023
A4/2B,true,04/15/2023
A4/3B,true,04/15/2023
A4/4B,true,04/15/2023
A4/5B,true,04/15/2023
A4/6B,true,04/15/2023
A4/7B,true,04/15/2023
A4/8B,true,04/15/2023
A4/9B,true,04/15/2023
A4/10B,true,04/15/2023
A4/11B,true,04/15/2023
A4/12B,true,04/15/2023
A4/13B,true,04/15/2023
A4/14B,true,04/15/2023
A4/15B,true,04/15/2023
A4/16B,true,04/15/2023
A4/17B,true,04/15/2023
A4/18B,true,04/15/2023
A4/19B,true,04/15/2023
A4/20B,true,04/15/2023
A4/21B,true,04/15/2023
A4/22B,true,04/15/2023
A4/23B,true,04/15/2023
A4/24B,true,04/15/2023
A4/25B,true,04/15/2023
A4/26B,true,04/15/2023
A4/27B,true,04/15/2023
A4/28B,true,04/15/2023
A4/1C,true,04/15/2023
A4/2C,true,04/15/2023
A4/3C,true,04/15/2023
A4/4C,true,04/15/2023
A4/5C,true,04/15/2023
A4/6C,true,04/15/2023
A4/7C,true,04/15/2023
A4/8C,true,04/15/2023
A4/9C,true,04/15/2023
A4/10C,true,04/15/2023
A4/11C,true,04/15/2023
A4/12C,true,04/15/2023
A4/13C,true,04/15/2023
A4/14C,true,04/15/2023
A4/15C,true,04/15/2023
A4/16C,true,04/15/2023
A4/17C,true,04/15/2023
A4/18C,true,04/15/2023
A4/19C,true,04/15/2023
A4/20C,true,04/15/2023
A4/21C,true,04/15/2023
A4/22C,true,04/15/2023
A4/23C,true,04/15/2023
A4/24C,true,04/15/2023
A4/25C,true,04/15/2023
A4/26C,true,04/15/2023
A4/27C,true,04/15/2023
A4/28C,true,04/15/2023
A4/1D,true,04/15/2023
A4/2D,true,04/15/2023
A4/3D,true,04/15/2023
A4/4D,true,04/15/2023
A4/5D,true,04/15/2023
A4/6D,true,04/15/2023
A4/7D,true,04/15/2023
A4/8D,true,04/15/2023
A4/9D,true,04/15/2023
A4/10D,true,04/15/2023
A4/11D,true,04/15/2023
A4/12D,true,04/15/2023
A4/13D,true,04/15/2023
A4/14D,true,04/15/2023
A4/15D,true,04/15/2023
A4/16D,true,04/15/2023
A4/17D,true,04/15/2023
A4/18D,true,04/15/2023
A4/19D,true,04/15/2023
A4/20D,true,04/15/2023
A4/21D,true,04/15/2023
A4/22D,true,04/15/2023
A4/23D,true,04/15/2023
A4/24D,true,04/15/2023
A4/25D,true,04/15/2023
A4/26D,true,04/15/2023
A4/27D,true,04/15/2023
A4/28D,true,04/15/2023
A5/1A,true,04/15/2023
A5/2A,true,04/15/2023
A5/3A,true,04/15/2023
A5/4A,true,04/15/2023
A5/5A,true,04/15/2023
A5/6A,true,04/15/2023
A5/7A,true,04/15/2023
A5/8A,true,04/15/2023
A5/9A,true,04/15/2023
A5/10A,true,04/15/2023
A5/11A,true,04/15/2023
A5/12A,true,04/15/2023
A5/13A,true,04/15/2023
A5/14A,true,04/15/2023
A5/15A,true,04/15/2023
A5/16A,true,04/15/2023
A5/17A,true,04/15/2023
A5/18A,true,04/15/2023
A5/19A,true,04/15/2023
A5/20A,true,04/15/2023
A5/21A,true,04/15/2023
A5/22A,true,04/15/2023
A5/23A,true,04/15/2023
A5/24A,true,04/15/2023
A5/25A,true,04/15/2023
A5/26A,true,04/15/2023
A5/27A,true,04/15/2023
A5/28A,true,04/15/2023
A5/1B,true,04/15/2023
A5/2B,true,04/15/2023
A5/3B,true,04/15/2023
A5/4B,true,04/15/2023
A5/5B,true,04/15/2023
A5/6B,true,04/15/2023
A5/7B,true,04/15/2023
A5/8B,true,04/15/2023
A5/9B,true,04/15/2023
A5/10B,true,04/15/2023
A5/11B,true,04/15/2023
A5/12B,true,04/15/2023
A5/13B,true,04/15/2023
A5/14B,true,04/15/2023
A5/15B,true,04/15/2023
A5/16B,true,04/15/2023
A5/17B,true,04/15/2023
A5/18B,true,04/15/2023
A5/19B,true,04/15/2023
A5/20B,true,04/15/2023
A5/21B,true,04/15/2023
A5/22B,true,04/15/2023
A5/23B,true,04/15/2023
A5/24B,true,04/15/2023
A5/25B,true,04/15/2023
A5/26B,true,04/15/2023
A5/27B,true,04/15/2023
A5/28B,true,04/15/2023
A5/1C,true,04/15/2023
A5/2C,true,04/15/2023
A5/3C,true,04/15/2023
A5/4C,true,04/15/2023
A5/5C,true,04/15/2023
A5/6C,true,04/15/2023
A5/7C,true,04/15/2023
A5/8C,true,04/15/2023
A5/9C,true,04/15/2023
A5/10C,true,04/15/2023
A5/11C,true,04/15/2023
A5/12C,true,04/15/2023
A5/13C,true,04/15/2023
A5/14C,true,04/15/2023
A5/15C,true,04/15/2023
A5/16C,true,04/15/2023
A5/17C,true,04/15/2023
A5/18C,true,04/15/2023
A5/19C,true,04/15/2023
A5/20C,true,04/15/2023
A5/21C,true,04/15/2023
A5/22C,true,04/15/2023
A5/23C,true,04/15/2023
A5/24C,true,04/15/2023
A5/25C,true,04/15/2023
A5/26C,true,04/15/2023
A5/27C,true,04/15/2023
A5/28C,true,04/15/2023
A5/1D,true,04/15/2023
A5/2D,true,04/15/2023
A5/3D,true,04/15/2023
A5/4D,true,04/15/2023
A5/5D,true,04/15/2023
A5/6D,true,04/15/2023
A5/7D,true,04/15/2023
A5/8D,true,04/15/2023
A5/9D,true,04/15/2023
A5/10D,true,04/15/2023
A5/11D,true,04/15/2023
A5/12D,true,04/15/2023
A5/13D,true,04/15/2023
A5/14D,true,04/15/2023
A5/15D,true,04/15/2023
A5/16D,true,04/15/2023
A5/17D,true,04/15/2023
A5/18D,true,04/15/2023
A5/19D,true,04/15/2023
A5/20D,true,04/15/2023
A5/21D,true,04/15/2023
A5/22D,true,04/15/2023
A5/23D,true,04/15/2023
A5/24D,true,04/15/2023
A5/25D,true,04/15/2023
A5/26D,true,04/15/2023
A5/27D,true,04/15/2023
A5/28D,true,04/15/2023
B1/1A,true,04/15/2023
B1/2A,true,04/15/2023
B1/3A,true,04/15/2023
B1/4A,true,04/15/2023
B1/5A,true,04/15/2023
B1/6A,true,04/15/2023
B1/7A,true,04/15/2023
B1/8A,true,04/15/2023
B1/9A,true,04/15/2023
B1/10A,true,04/15/2023
B1/11A,true,04/15/2023
B1/12A,true,04/15/2023
B1/13A,true,04/15/2023
B1/14A,true,04/15/2023
B1/15A,true,04/15/2023
B1/16A,true,04/15/2023
B1/17A,true,04/15/2023
B1/18A,true,04/15/2023
B1/19A,true,04/15/2023
B1/20A,true,04/15/2023
B1/21A,true,04/15/2023
B1/22A,true,04/15/2023
B1/23A,true,04/15/2023
B1/24A,true,04/15/2023
B1/25A,true,04/15/2023
B1/26A,true,04/15/2023
B1/27A,true,04/15/2023
B1/28A,true,04/15/2023
B1/1B,true,04/15/2023
B1/2B,true,04/15/2023
B1/3B,true,04/15/2023
B1/4B,true,04/15/2023
B1/5B,true,04/15/2023
B1/6B,true,04/15/2023
B1/7B,true,04/15/2023
B1/8B,true,04/15/2023
B1/9B,true,04/15/2023
B1/10B,true,04/15/2023
B1/11B,true,04/15/2023
B1/12B,true,04/15/2023
B1/13B,true,04/15/2023
B1/14B,true,04/15/2023
B1/15B,true,04/15/2023
B1/16B,true,04/15/2023
B1/17B,true,04/15/2023
B1/18B,true,04/15/2023
B1/19B,true,04/15/2023
B1/20B,true,04/15/2023
B1/21B,true,04/15/2023
B1/22B,true,04/15/2023
B1/23B,true,04/15/2023
B1/24B,true,04/15/2023
B1/25B,true,04/15/2023
B1/26B,true,04/15/2023
B1/27B,true,04/15/2023
B1/28B,true,04/15/2023
B1/1C,true,04/15/2023
B1/2C,true,04/15/2023
B1/3C,true,04/15/2023
B1/4C,true,04/15/2023
B1/5C,true,04/15/2023
B1/6C,true,04/15/2023
B1/7C,true,04/15/2023
B1/8C,true,04/15/2023
B1/9C,true,04/15/2023
B1/10C,true,04/15/2023
B1/11C,true,04/15/2023
B1/12C,true,04/15/2023
B1/13C,true,04/15/2023
B1/14C,true,04/15/2023
B1/15C,true,04/15/2023
B1/16C,true,04/15/2023
B1/17C,true,04/15/2023
B1/18C,true,04/15/2023
B1/19C,true,04/15/2023
B1/20C,true,04/15/2023
B1/21C,true,04/15/2023
B1/22C,true,04/15/2023
B1/23C,true,04/15/2023
B1/24C,true,04/15/2023
B1/25C,true,04/15/2023
B1/26C,true,04/15/2023
B1/27C,true,04/15/2023
B1/28C,true,04/15/2023
B2/1A,true,04/15/2023
B2/2A,true,04/15/2023
B2/3A,true,04/15/2023
B2/4A,true,04/15/2023
B2/5A,true,04/15/2023
B2/6A,true,04/15/2023
B2/7A,true,04/15/2023
B2/8A,true,04/15/2023
B2/9A,true,04/15/2023
B2/10A,true,04/15/2023
B2/11A,true,04/15/2023
B2/12A,true,04/15/2023
B2/13A,true,04/15/2023
B2/14A,true,04/15/2023
B2/15A,true,04/15/2023
B2/16A,true,04/15/2023
B2/17A,true,04/15/2023
B2/18A,true,04/15/2023
B2/19A,true,04/15/2023
B2/20A,true,04/15/2023
B2/21A,true,04/15/2023
B2/22A,true,04/15/2023
B2/23A,true,04/15/2023
B2/24A,true,04/15/2023
B2/25A,true,04/15/2023
B2/26A,true,04/15/2023
B2/27A,true,04/15/2023
B2/28A,true,04/15/2023
B2/1B,true,04/15/2023
B2/2B,true,04/15/2023
B2/3B,true,04/15/2023
B2/4B,true,04/15/2023
B2/5B,true,04/15/2023
B2/6B,true,04/15/2023
B2/7B,true,04/15/2023
B2/8B,true,04/15/2023
B2/9B,true,04/15/2023
B2/10B,true,04/15/2023
B2/11B,true,04/15/2023
B2/12B,true,04/15/2023
B2/13B,true,04/15/2023
B2/14B,true,04/15/2023
B2/15B,true,04/15/2023
B2/16B,true,04/15/2023
B2/17B,true,04/15/2023
B2/18B,true,04/15/2023
B2/19B,true,04/15/2023
B2/20B,true,04/15/2023
B2/21B,true,04/15/2023
B2/22B,true,04/15/2023
B2/23B,true,04/15/2023
B2/24B,true,04/15/2023
B2/25B,true,04/15/2023
B2/26B,true,04/15/2023
B2/27B,true,04/15/2023
B2/28B,true,04/15/2023
B2/1C,true,04/15/2023
B2/2C,true,04/15/2023
B2/3C,true,04/15/2023
B2/4C,true,04/15/2023
B2/5C,true,04/15/2023
B2/6C,true,04/15/2023
B2/7C,true,04/15/2023
B2/8C,true,04/15/2023
B2/9C,true,04/15/2023
B2/10C,true,04/15/2023
B2/11C,true,04/15/2023
B2/12C,true,04/15/2023
B2/13C,true,04/15/2023
B2/14C,true,04/15/2023
B2/15C,true,04/15/2023
B2/16C,true,04/15/2023
B2/17C,true,04/15/2023
B2/18C,true,04/15/2023
B2/19C,true,04/15/2023
B2/20C,true,04/15/2023
B2/21C,true,04/15/2023
B2/22C,true,04/15/2023
B2/23C,true,04/15/2023
B2/24C,true,04/15/2023
B2/25C,true,04/15/2023
B2/26C,true,04/15/2023
B2/27C,true,04/15/2023
B2/28C,true,04/15/2023